,player,player_id,position,ï..season,Team,Cap.Number,Cash.Spent,snap_counts_offense,Year,experience,y1_pff,y1_touchdowns,y1_receptions,y1_yac,y1_salary,y1_snaps,y2_pff,y2_touchdowns,y2_receptions,y2_yac,y2_salary,y2_snaps,y3_pff,y3_touchdowns,y3_receptions,y3_yac,y3_salary,y3_snaps,y4_pff,y4_touchdowns,y4_receptions,y4_yac,y4_salary,y4_snaps,y5_pff,y5_touchdowns,y5_receptions,y5_yac,y5_salary,y5_snaps
1095,Odell Beckham Jr.,8647,WR,2014,Giants,1892036,6308144,266,2014,1,90.8,12,91,481,6308144,266,88.1,13,96,591,893009,352,87,10,101,532,1366018,366,69.1,3,25,71,1839027,59,90,6,77,318,21459000,224
1087,Mike Evans,8642,WR,2014,Buccaneers,2660273,9381092,223,2014,1,84.6,12,68,170,9381092,223,83.5,3,74,239,1085068,304,91.7,12,96,188,1750137,318,79.3,5,71,108,2374617,253,84.3,8,86,294,18258000,260
498,Mike Williams,5625,WR,2010,Seahawks,1670000,2045000,363,2010,1,74.7,11,64,336,2045000,363,62.5,3,65,236,450000,292,78.8,9,63,343,540000,302,62.2,2,22,63,8200000,123,55.2,1,8,36,NA,60
508,Mike Williams,5625,WR,2010,Buccaneers,454562,858250,363,2010,1,74.7,11,64,336,858250,363,62.5,3,65,236,450000,292,78.8,9,63,343,540000,302,62.2,2,22,63,8200000,123,55.2,1,8,36,NA,60
1348,Calvin Ridley,48262,WR,2018,Falcons,1981951,6487804,145,2018,1,68.8,10,64,367,6487804,145,74.9,7,63,141,975488,155,NA,NA,NA,NA,NA,NA,NA,NA,NA,NA,NA,NA,NA,NA,NA,NA,NA,NA
1068,Kelvin Benjamin,8663,WR,2014,Panthers,1393500,4314000,353,2014,1,73.5,9,73,177,4314000,353,NA,NA,NA,NA,NA,NA,76.5,7,63,235,1116750,293,71.2,3,48,145,529412,217,57.8,1,25,55,352941,184
1244,Michael Thomas,10681,WR,2016,Saints,930722,2372888,281,2016,1,86.4,9,92,478,2372888,281,90.6,5,104,449,682681,307,91.3,9,125,503,915362,367,90.4,9,149,588,21648043,302,NA,NA,NA,NA,NA,NA
939,Keenan Allen,7857,WR,2013,Chargers,558450,1018800,397,2013,1,83.7,8,71,427,1018800,397,76.1,4,77,311,505000,309,79.2,4,67,249,600000,178,88.3,0,6,23,15171000,9,89.3,6,102,523,6750000,312
1261,Sterling Shepard,10674,WR,2016,Giants,1080831,2973324,358,2016,1,66.4,8,65,261,2973324,358,70.7,2,59,303,720208,216,67.3,4,66,316,990416,305,75.8,3,57,184,10760624,181,NA,NA,NA,NA,NA,NA
1388,A.J. Brown,48327,WR,2019,Titans,1027703,2625812,260,2019,1,84,8,52,462,2625812,260,NA,NA,NA,NA,NA,NA,NA,NA,NA,NA,NA,NA,NA,NA,NA,NA,NA,NA,NA,NA,NA,NA,NA,NA
1058,Jordan Matthews,8677,WR,2014,Eagles,899867,2339468,252,2014,1,72.2,8,67,399,2339468,252,65.6,8,85,436,644967,313,67.7,3,73,237,869934,323,52.7,1,25,132,1094901,182,65.4,2,20,78,697059,118
711,Julio Jones,6158,WR,2011,Falcons,2942500,10645000,215,2011,1,70.8,8,54,421,10645000,215,82.5,10,79,491,1110625,227,80.8,2,41,261,1846250,72,89.8,6,104,553,2581875,251,92.5,8,136,665,22000000,310
1394,Darius Slayton,25578,WR,2019,Giants,553721,729884,198,2019,1,70.3,8,48,199,729884,198,NA,NA,NA,NA,NA,NA,NA,NA,NA,NA,NA,NA,NA,NA,NA,NA,NA,NA,NA,NA,NA,NA,NA,NA
1077,Martavis Bryant,8753,WR,2014,Steelers,529805,859220,83,2014,1,74.8,8,26,192,859220,83,69.5,6,50,350,390000,104,NA,NA,NA,NA,NA,NA,68,3,50,179,615000,196,63.7,0,19,132,1458295,64
647,A.J. Green,6156,WR,2011,Bengals,3579655,13193620,352,2011,1,72.8,7,65,284,13193620,352,89.2,11,97,437,1269913,344,82.5,11,98,399,2164826,409,84.3,6,69,312,3059739,267,90.5,10,86,337,26750000,352
1393,D.K. Metcalf,47864,WR,2019,Seahawks,833827,1850308,345,2019,1,69.7,7,58,280,1850308,345,NA,NA,NA,NA,NA,NA,NA,NA,NA,NA,NA,NA,NA,NA,NA,NA,NA,NA,NA,NA,NA,NA,NA,NA
762,Torrey Smith,6210,WR,2011,Ravens,616224,1339896,328,2011,1,68.6,7,50,242,1339896,328,74.6,8,49,244,529056,352,70.5,4,65,381,683112,391,72.1,11,49,170,837168,284,62.8,4,33,226,10000000,236
1411,Terry McLaurin,48229,WR,2019,Redskins,745805,1498220,280,2019,1,85.7,7,58,222,1498220,280,NA,NA,NA,NA,NA,NA,NA,NA,NA,NA,NA,NA,NA,NA,NA,NA,NA,NA,NA,NA,NA,NA,NA,NA
1316,JuJu Smith-Schuster,11817,WR,2017,Steelers,735516,1629123,249,2017,1,76.5,7,58,394,1629123,249,81.8,7,111,660,655717,230,63.1,3,42,241,846434,167,NA,NA,NA,NA,NA,NA,NA,NA,NA,NA,NA,NA
1403,Marquise Brown,61568,WR,2019,Ravens,2143153,7087612,223,2019,1,70.8,7,46,234,7087612,223,NA,NA,NA,NA,NA,NA,NA,NA,NA,NA,NA,NA,NA,NA,NA,NA,NA,NA,NA,NA,NA,NA,NA,NA
1343,Anthony Miller,48160,WR,2018,Bears,973400,2453600,187,2018,1,60.4,7,33,173,2453600,187,66,2,52,225,723350,192,NA,NA,NA,NA,NA,NA,NA,NA,NA,NA,NA,NA,NA,NA,NA,NA,NA,NA
880,T.Y. Hilton,7092,WR,2012,Colts,521850,917400,161,2012,1,66.4,7,50,386,917400,161,77.9,5,82,391,485000,189,84.2,7,82,364,575000,225,78.9,5,69,386,11000000,267,86.7,6,91,328,9000000,285
1103,Sammy Watkins,8639,WR,2014,Bills,3624655,13238620,375,2014,1,69.3,6,65,341,13238620,375,89.8,9,60,180,1326164,295,73.7,2,28,48,2232328,146,71.5,8,39,188,690000,298,73.5,3,40,235,21800000,147
1110,Amari Cooper,9437,WR,2015,Raiders,4120567,15177268,289,2015,1,71.2,6,72,383,15177268,289,79,5,83,448,1465142,352,63.6,7,48,300,2495284,235,77.9,7,75,415,411765,249,84.1,8,79,232,13924000,295
1195,Tyler Lockett,9502,WR,2015,Seahawks,631688,1221752,216,2015,1,76,6,51,259,1221752,216,68.9,1,41,223,580000,132,67.3,2,45,188,695000,164,80.3,10,57,220,11000000,402,77.2,8,82,299,5407000,375
756,Titus Young,6196,WR,2011,Lions,829331,2192324,186,2011,1,62.7,6,48,142,2192324,186,58.6,4,33,83,465000,179,NA,NA,NA,NA,NA,NA,NA,NA,NA,NA,NA,NA,NA,NA,NA,NA,NA,NA
1404,Mecole Hardman,42683,WR,2019,Chiefs,908191,2147764,135,2019,1,69.1,6,26,298,2147764,135,NA,NA,NA,NA,NA,NA,NA,NA,NA,NA,NA,NA,NA,NA,NA,NA,NA,NA,NA,NA,NA,NA,NA,NA
1278,Tyreek Hill,10799,WR,2016,Chiefs,497500,550000,119,2016,1,80.4,6,61,278,550000,119,81.4,7,75,447,568760,230,89.6,12,87,524,687496,262,85.4,7,58,282,6529500,172,NA,NA,NA,NA,NA,NA
216,Dez Bryant,5549,WR,2010,Cowboys,1280000,2840000,80,2010,1,73,6,45,206,2840000,80,80.4,9,63,311,2112500,226,76.5,12,92,468,3020500,237,82.5,13,93,526,1807500,288,90.6,16,88,373,2030000,381
1290,Cooper Kupp,11824,WR,2017,Rams,703690,1419760,293,2017,1,78.3,5,62,367,1419760,293,77.4,6,40,304,640046,171,74.6,10,94,548,811118,281,NA,NA,NA,NA,NA,NA,NA,NA,NA,NA,NA,NA
826,Justin Blackmon,7011,WR,2012,Jaguars,3365818,7500000,278,2012,1,65.7,5,64,290,7500000,278,71.9,1,29,215,1989754,84,NA,NA,NA,NA,NA,NA,NA,NA,NA,NA,NA,NA,NA,NA,NA,NA,NA,NA
671,Denarius Moore,6300,WR,2011,Raiders,422513,565052,246,2011,1,76.7,5,33,133,565052,246,68.6,7,51,265,465000,272,73.7,5,46,256,555000,201,51.7,0,12,41,1431000,64,NA,NA,NA,NA,NA,NA
1345,Antonio Callaway,48101,WR,2018,Browns,659464,1197856,230,2018,1,63.6,5,43,233,1197856,230,54.8,0,8,44,NA,45,NA,NA,NA,NA,NA,NA,NA,NA,NA,NA,NA,NA,NA,NA,NA,NA,NA,NA
1384,Tre'Quan Smith,48228,WR,2018,Saints,684256,1297024,228,2018,1,68.7,5,28,110,1297024,228,64.4,5,18,113,616500,151,NA,NA,NA,NA,NA,NA,NA,NA,NA,NA,NA,NA,NA,NA,NA,NA,NA,NA
1041,Jarvis Landry,8698,WR,2014,Dolphins,631802,1267208,216,2014,1,78,5,84,448,1267208,216,87.8,4,110,571,577950,256,83.6,4,94,630,735900,360,79.5,9,112,523,893850,301,74.7,4,81,283,21500000,312
1397,Diontae Johnson,33441,WR,2019,Steelers,778357,1628428,195,2019,1,67.9,5,59,311,1628428,195,NA,NA,NA,NA,NA,NA,NA,NA,NA,NA,NA,NA,NA,NA,NA,NA,NA,NA,NA,NA,NA,NA,NA,NA
1361,Dante Pettis,48113,WR,2018,49ers,1163738,3214952,166,2018,1,68.5,5,27,214,3214952,166,56.4,2,11,26,770935,156,NA,NA,NA,NA,NA,NA,NA,NA,NA,NA,NA,NA,NA,NA,NA,NA,NA,NA
943,Kenny Stills,7926,WR,2013,Saints,453613,599452,160,2013,1,62.6,5,32,195,599452,160,78.4,3,63,190,495000,141,59.9,3,27,107,585000,162,67.7,9,42,187,1671000,302,59.9,6,58,162,9000000,290
989,Terrance Williams,7855,WR,2013,Cowboys,559868,1024472,158,2013,1,66.2,5,44,215,1024472,158,66.2,8,37,102,530000,324,69.9,3,52,275,625000,235,71.7,4,44,164,1671000,276,65.3,0,53,237,6000000,224
1050,John Brown,8726,WR,2014,Cardinals,555725,962900,155,2014,1,69.7,5,48,179,962900,155,80.1,7,65,332,522000,275,71.4,2,39,111,612000,167,58,3,21,60,1797000,150,65.9,5,42,169,5000000,240
1352,Courtland Sutton,48164,WR,2018,Broncos,1243987,3535948,244,2018,1,63.8,4,42,167,3535948,244,83.1,6,72,361,790997,356,NA,NA,NA,NA,NA,NA,NA,NA,NA,NA,NA,NA,NA,NA,NA,NA,NA,NA
1178,Stefon Diggs,9579,WR,2015,Vikings,491928,662712,230,2015,1,77.7,4,52,300,662712,230,79.1,3,84,310,525000,192,81.7,8,64,297,615000,288,81.1,9,102,438,16907000,240,78.8,6,63,313,9500000,316
1243,Malcolm Mitchell,10746,WR,2016,Patriots,594498,1027992,209,2016,1,67.9,4,32,162,1027992,209,NA,NA,NA,NA,NA,NA,NA,NA,NA,NA,NA,NA,NA,NA,NA,NA,NA,NA,NA,NA,NA,NA,NA,NA
895,Aaron Dobson,7840,WR,2013,Patriots,623340,1278360,204,2013,1,63.6,4,37,197,1278360,204,67.9,0,3,22,560835,27,60.4,0,13,35,716670,56,NA,NA,NA,NA,NA,NA,NA,NA,NA,NA,NA,NA
1131,Dorial Green-Beckham,9473,WR,2015,Titans,1018837,2770348,149,2015,1,71,4,32,147,2770348,149,59.9,2,36,147,689709,195,NA,NA,NA,NA,NA,NA,NA,NA,NA,NA,NA,NA,NA,NA,NA,NA,NA,NA
831,Kendall Wright,7026,WR,2012,Titans,1494264,4807056,138,2012,1,67.7,4,64,330,4807056,138,81.5,2,94,593,763566,246,70.8,6,57,376,1137132,180,69.6,3,36,154,1510698,117,72.1,3,29,122,7320000,68
1398,Hunter Renfrow,47509,WR,2019,Raiders,573987,810948,134,2019,1,75.5,4,49,312,810948,134,NA,NA,NA,NA,NA,NA,NA,NA,NA,NA,NA,NA,NA,NA,NA,NA,NA,NA,NA,NA,NA,NA,NA,NA
906,Cordarrelle Patterson,7810,WR,2013,Vikings,1312918,4036672,127,2013,1,80.3,4,45,286,4036672,127,67.2,1,33,170,733229,171,67.6,0,2,3,1061458,38,64.5,2,52,327,1389687,138,65.5,0,31,214,5250000,128
928,Justin Hunter,7815,WR,2013,Titans,986209,2729836,115,2013,1,68.5,4,18,92,2729836,115,62.9,3,28,186,651552,194,63.1,1,22,41,898104,121,62.3,4,10,27,555882,98,56.2,1,4,13,855000,15
985,Tavon Austin,7789,WR,2013,Rams,2318364,8058456,95,2013,1,70,4,40,229,8058456,95,59.9,0,31,172,984591,149,69.6,5,52,345,1564182,246,61.3,3,58,273,5522884,200,63.1,0,13,81,14977116,87
852,Mohamed Sanu,7084,WR,2012,Bengals,530813,953252,84,2012,1,71.7,4,16,79,953252,84,62.8,2,47,255,490000,264,67.6,5,56,334,590000,421,56.9,0,33,209,1542000,198,74.6,4,59,299,8000000,266
978,Robert Woods,7822,WR,2013,Bills,884867,2324468,392,2013,1,63.9,3,40,112,2324468,392,68.6,5,64,208,626217,291,61.8,3,47,146,847434,296,71.4,1,51,127,1068650,252,79.1,5,56,286,7300000,267
1395,Deebo Samuel,48274,WR,2019,49ers,1399519,4113076,268,2019,1,74.5,3,57,484,4113076,268,NA,NA,NA,NA,NA,NA,NA,NA,NA,NA,NA,NA,NA,NA,NA,NA,NA,NA,NA,NA,NA,NA,NA,NA
1019,Davante Adams,8688,WR,2014,Packers,715164,1600656,243,2014,1,60.5,3,38,185,1600656,243,57.7,1,50,145,598791,239,70.2,12,75,407,777582,239,80.5,10,74,345,18956373,240,87.8,13,111,477,7000000,258
152,David Gettis,5721,WR,NA,NA,NA,NA,239,2010,1,64.4,3,37,169,NA,239,NA,NA,NA,NA,NA,NA,NA,NA,NA,NA,NA,NA,NA,NA,NA,NA,NA,NA,NA,NA,NA,NA,NA,NA
1407,Olabisi Johnson,47882,WR,2019,Vikings,513644,569576,233,2019,1,66.2,3,31,67,569576,233,NA,NA,NA,NA,NA,NA,NA,NA,NA,NA,NA,NA,NA,NA,NA,NA,NA,NA,NA,NA,NA,NA,NA,NA
1405,Miles Boykin,48209,WR,2019,Ravens,709232,1351928,232,2019,1,60.9,3,13,17,1351928,232,NA,NA,NA,NA,NA,NA,NA,NA,NA,NA,NA,NA,NA,NA,NA,NA,NA,NA,NA,NA,NA,NA,NA,NA
797,Chris Givens,7096,WR,2012,Saints,390833,392500,225,2012,1,71.4,3,42,286,392500,225,61,0,34,262,303000,311,56.2,1,11,42,570000,66,59.5,1,20,55,1179176,162,NA,NA,NA,NA,NA,NA
799,Chris Givens,7096,WR,2012,Rams,514257,887028,225,2012,1,71.4,3,42,286,887028,225,61,0,34,262,303000,311,56.2,1,11,42,570000,66,59.5,1,20,55,1179176,162,NA,NA,NA,NA,NA,NA
1351,Christian Kirk,47546,WR,2018,Cardinals,1071795,2847180,175,2018,1,70.3,3,43,229,2847180,175,62.5,3,68,296,747949,243,NA,NA,NA,NA,NA,NA,NA,NA,NA,NA,NA,NA,NA,NA,NA,NA,NA,NA
1124,DeVante Parker,9447,WR,2015,Dolphins,1977553,6605212,156,2015,1,72.9,3,26,102,6605212,156,76.1,4,56,244,929388,281,69.5,1,57,201,1423776,200,69.2,1,24,97,1918164,168,79.2,9,72,269,14500000,230
1222,Corey Coleman,10649,WR,2016,Browns,2119088,7126352,155,2016,1,61.7,3,33,100,7126352,155,60.3,2,23,27,979772,138,60,0,5,10,370588,56,NA,NA,NA,NA,NA,NA,NA,NA,NA,NA,NA,NA
1322,Kenny Golladay,11851,WR,2017,Lions,644706,1183824,155,2017,1,68,3,28,177,1183824,155,81,5,70,350,586000,293,79.9,11,65,303,676000,313,NA,NA,NA,NA,NA,NA,NA,NA,NA,NA,NA,NA
996,Brandin Cooks,8655,WR,2014,Saints,1524264,4837056,150,2014,1,68.8,3,53,171,4837056,150,73.1,9,84,370,801066,275,73,8,78,367,1182132,232,70.9,7,65,235,1563198,386,79.7,5,80,352,11000000,360
785,Alshon Jeffery,7048,WR,2012,Bears,826879,2137516,149,2012,1,66,3,24,72,2137516,149,86.6,7,89,406,596719,317,76.6,10,85,483,803438,286,92,4,54,197,1010157,207,74.5,2,52,192,11163941,231
348,Jordan Shipley,5608,WR,NA,NA,NA,NA,142,2010,1,66.9,3,52,197,NA,142,47.7,0,4,0,NA,11,63.1,1,23,43,NA,56,NA,NA,NA,NA,NA,NA,NA,NA,NA,NA,NA,NA
1033,Donte Moncrief,8725,WR,2014,Colts,555880,963520,132,2014,1,72,3,32,215,963520,132,72,6,64,262,525000,267,73.4,7,30,75,615000,160,61.1,2,26,79,1797000,211,62.3,3,48,233,9600000,248
872,Stephen Hill,7047,WR,2012,Jets,856791,2257164,129,2012,1,56.6,3,21,38,2257164,129,60.6,1,24,96,604197,246,NA,NA,NA,NA,NA,NA,NA,NA,NA,NA,NA,NA,NA,NA,NA,NA,NA,NA
1137,Jaelen Strong,9503,WR,2015,Texans,627996,1206984,110,2015,1,64.6,3,14,70,1206984,110,55.1,0,14,26,570000,97,64.9,1,3,14,80588,16,NA,NA,NA,NA,NA,NA,NA,NA,NA,NA,NA,NA
960,Marquise Goodwin,7859,WR,2013,Bills,554719,1003876,107,2013,1,68.5,3,17,54,1003876,107,51.4,0,1,5,525000,25,72.4,0,2,0,615000,17,62.1,3,29,95,710000,227,77,2,56,193,4500000,256
866,Rueben Randle,7065,WR,2012,Giants,598533,1224132,76,2012,1,76.1,3,19,73,1224132,76,69.2,6,41,209,539633,141,76.9,3,71,227,689266,338,63.9,8,57,202,838899,343,NA,NA,NA,NA,NA,NA
915,DeAndre Hopkins,7808,WR,2013,Texans,1386673,4331692,344,2013,1,68.7,2,52,176,4331692,344,84,6,76,384,751668,481,90.4,11,111,216,1098336,446,77.5,4,78,250,1445004,430,90.2,13,96,346,24000000,390
682,Greg Little,6211,WR,2011,Browns,605000,1295000,329,2011,1,58.7,2,61,247,1295000,329,65.3,4,53,199,526250,328,53.6,2,41,188,677500,250,55.7,0,6,31,417353,50,NA,NA,NA,NA,NA,NA
1339,Zay Jones,11792,WR,2017,Bills,1232690,3535760,307,2017,1,55.2,2,27,69,3535760,307,62.2,7,56,130,773173,357,53.7,0,27,78,728009,237,NA,NA,NA,NA,NA,NA,NA,NA,NA,NA,NA,NA
1380,Michael Gallup,26075,WR,2018,Cowboys,702495,1369980,268,2018,1,60.3,2,33,168,1369980,268,74,6,66,333,629000,305,NA,NA,NA,NA,NA,NA,NA,NA,NA,NA,NA,NA,NA,NA,NA,NA,NA,NA
1266,Tajae Sharpe,10774,WR,2016,Titans,518721,724884,267,2016,1,60.8,2,41,88,724884,267,NA,NA,NA,NA,NA,NA,61.7,2,26,80,630000,241,74.2,4,25,60,2025000,185,NA,NA,NA,NA,NA,NA
1354,D.J. Moore,48267,WR,2018,Panthers,2031148,6684592,261,2018,1,72,2,54,427,6684592,261,82.3,4,87,392,987787,299,NA,NA,NA,NA,NA,NA,NA,NA,NA,NA,NA,NA,NA,NA,NA,NA,NA,NA
1142,Jamison Crowder,9538,WR,2015,Redskins,571406,980624,245,2015,1,71,2,59,339,980624,245,66.9,7,67,383,525000,231,72.7,3,66,363,615000,197,60.9,2,29,212,1907000,133,72.4,6,78,364,9000000,233
304,Jacoby Ford,5632,WR,2010,Raiders,448961,835845,220,2010,1,66.5,2,25,123,835845,220,72.8,1,19,148,450000,80,NA,NA,NA,NA,NA,NA,55.8,0,13,75,1323000,114,NA,NA,NA,NA,NA,NA
493,Mike Williams,2227,WR,2010,Buccaneers,454562,858250,210,2010,1,79.6,2,65,217,858250,210,59.3,1,18,60,450000,168,NA,NA,NA,NA,NA,NA,NA,NA,NA,NA,NA,NA,NA,NA,NA,NA,NA,NA
500,Mike Williams,2227,WR,2010,Seahawks,1670000,2045000,210,2010,1,79.6,2,65,217,2045000,210,59.3,1,18,60,450000,168,NA,NA,NA,NA,NA,NA,NA,NA,NA,NA,NA,NA,NA,NA,NA,NA,NA,NA
1378,Marquez Valdes-Scantling,47809,WR,2018,Packers,534389,697556,184,2018,1,60.4,2,38,217,697556,184,57,2,26,155,570000,183,NA,NA,NA,NA,NA,NA,NA,NA,NA,NA,NA,NA,NA,NA,NA,NA,NA,NA
1356,DaeSean Hamilton,45416,WR,2018,Broncos,650660,1162640,179,2018,1,60.1,2,30,71,1162640,179,56.4,1,28,132,570000,232,NA,NA,NA,NA,NA,NA,NA,NA,NA,NA,NA,NA,NA,NA,NA,NA,NA,NA
52,Arrelious Benn,5564,WR,NA,NA,NA,NA,170,2010,1,81,2,25,159,NA,170,61.4,3,30,197,NA,197,57.8,0,4,25,NA,21,NA,NA,NA,NA,NA,NA,NA,NA,NA,NA,NA,NA
844,Michael Floyd,7019,WR,2012,Cardinals,1813000,6082000,123,2012,1,63.1,2,45,161,6082000,123,82,5,65,276,843250,332,69.4,6,47,112,1296500,307,81.7,6,52,220,1749750,208,66.3,5,37,68,1291765,246
1338,Trent Taylor,11932,WR,2017,49ers,515487,666948,111,2017,1,68.4,2,43,190,666948,111,56.2,1,26,103,555000,59,NA,NA,NA,NA,NA,NA,NA,NA,NA,NA,NA,NA,NA,NA,NA,NA,NA,NA
259,Emmanuel Sanders,5606,WR,2010,Steelers,515356,906069,102,2010,1,72.8,2,28,80,906069,102,70.4,2,22,153,450000,99,69.1,1,44,223,540000,279,71.3,6,67,298,2500000,238,87.9,9,101,381,6000000,380
766,Vincent Brown,6234,WR,2011,Chargers,521517,961068,100,2011,1,69.5,2,19,91,961068,100,NA,NA,NA,NA,NA,NA,64.9,1,41,91,555000,365,61.1,0,12,46,875005,24,64,0,1,2,NA,8
869,Ryan Broyles,7057,WR,2012,Lions,668818,1505272,86,2012,1,71.9,2,22,158,1505272,86,50,0,8,35,557205,73,64.5,0,2,9,724409,9,NA,NA,NA,NA,NA,NA,NA,NA,NA,NA,NA,NA
1189,Ty Montgomery,9527,WR,2015,Packers,572871,1027779,81,2015,1,56.8,2,15,94,1027779,81,73.7,0,44,331,NA,62,72.5,1,23,221,NA,44,68.5,0,25,220,NA,62,58.5,0,13,94,NA,34
1406,N'Keal Harry,48297,WR,2019,Patriots,1836063,5859252,79,2019,1,66.6,2,12,45,5859252,79,NA,NA,NA,NA,NA,NA,NA,NA,NA,NA,NA,NA,NA,NA,NA,NA,NA,NA,NA,NA,NA,NA,NA,NA
22,Andre Roberts,5612,WR,2010,Cardinals,501050,1044200,77,2010,1,55.9,2,24,136,1044200,77,58.9,2,51,236,450000,291,61.6,5,64,235,540000,210,66.2,2,43,120,1323000,178,61.2,2,36,211,5250000,200
893,Travis Benjamin,7100,WR,2012,Browns,509250,867000,69,2012,1,65.8,2,18,60,867000,69,59.1,0,5,61,480000,36,68.8,3,18,47,570000,178,67,5,68,324,660000,217,67.2,4,47,250,7750000,133
817,Jarius Wright,7118,WR,2012,Vikings,495027,810108,66,2012,1,66.5,2,22,122,810108,66,70.9,3,26,114,480000,96,70.8,2,42,336,570000,129,69.2,0,34,173,4342000,120,61.1,1,11,39,2000000,43
787,Brian Quick,7037,WR,2012,Rams,979382,2747528,58,2012,1,59.2,2,11,30,2747528,58,62.4,2,18,108,634845,120,72.6,3,25,75,879690,137,53.9,0,10,43,1124536,182,60.5,3,41,172,1875000,227
171,Demaryius Thomas,5547,WR,2010,Broncos,1310000,1310000,56,2010,1,79.2,2,22,148,1310000,56,72.2,4,32,126,4875000,258,87.7,10,94,547,3854000,411,81.5,14,92,706,836500,409,89.9,11,111,668,2943750,397
1005,Bruce Ellington,8741,WR,2014,49ers,538607,894428,31,2014,1,67.1,2,6,38,894428,31,63.1,0,13,110,510000,53,NA,NA,NA,NA,NA,NA,57,2,29,127,559235,224,68.3,1,31,110,373235,84
875,T.J. Graham,7071,WR,2012,Bills,557813,1061252,267,2012,1,52.4,1,31,183,1061252,267,57.1,2,23,88,510000,324,59.5,1,3,22,435882,81,60.3,0,4,39,NA,3,NA,NA,NA,NA,NA,NA
1159,Nelson Agholor,9453,WR,2015,Eagles,1704977,5514908,238,2015,1,48.7,1,23,94,5514908,238,52.6,2,36,109,861244,316,73.1,8,62,317,1287488,302,64.8,4,64,347,1713732,347,54.4,3,39,145,9387000,250
1274,Tyler Boyd,10689,WR,2016,Bengals,774358,1747432,225,2016,1,65.1,1,54,213,1747432,225,62,2,22,93,643590,88,84.5,7,76,422,837179,234,73,5,90,358,11330769,300,NA,NA,NA,NA,NA,NA
1285,Chris Godwin,11839,WR,2017,Buccaneers,663041,1257164,173,2017,1,81.9,1,34,173,1257164,173,80.4,7,59,247,581500,235,90.7,9,86,580,677000,306,NA,NA,NA,NA,NA,NA,NA,NA,NA,NA,NA,NA
79,Brandon LaFell,5602,WR,2010,Panthers,524600,1138400,158,2010,1,64.6,1,38,142,1138400,158,68.1,3,36,214,450000,223,70,4,44,315,540000,283,65.1,5,49,262,1350000,351,75.3,7,74,361,4300000,339
899,Ace Sanders,7883,WR,2013,Jaguars,525362,886448,150,2013,1,61.9,1,51,291,886448,150,56.4,0,6,26,378529,8,NA,NA,NA,NA,NA,NA,NA,NA,NA,NA,NA,NA,NA,NA,NA,NA,NA,NA
206,Dexter McCluster,5561,WR,2010,Chiefs,880000,2560000,147,2010,1,59.3,1,21,179,2560000,147,68.9,1,46,301,1360000,98,62,1,52,216,540000,173,67.3,2,53,267,840000,124,66.9,1,26,146,NA,17
1073,Marqise Lee,8674,WR,2014,Jaguars,940731,2502924,141,2014,1,61.4,1,37,176,2502924,141,61.6,1,15,99,655183,51,71.9,3,63,351,890366,223,77.4,3,56,295,1125549,290,NA,NA,NA,NA,NA,NA
1377,Marcell Ateman,23670,WR,2018,Raiders,282353,282353,138,2018,1,53.5,1,15,34,282353,138,58.3,0,5,28,402353,55,NA,NA,NA,NA,NA,NA,NA,NA,NA,NA,NA,NA,NA,NA,NA,NA,NA,NA
1116,Chris Conley,9509,WR,2015,Chiefs,613109,1147436,135,2015,1,60.4,1,17,70,1147436,135,61.9,0,44,158,560000,277,63.1,0,11,48,660000,114,55.8,5,32,132,1907000,248,62.7,5,47,247,2500000,236
1201,Braxton Miller,10719,WR,2016,Texans,627276,1159104,134,2016,1,50.8,1,15,52,1159104,134,55.2,1,19,71,557500,157,NA,NA,NA,NA,NA,NA,NA,NA,NA,NA,NA,NA,NA,NA,NA,NA,NA,NA
1299,Dede Westbrook,11865,WR,2017,Jaguars,517041,1072341,134,2017,1,60.7,1,27,90,1072341,134,71.3,5,66,363,555000,222,63.5,3,66,312,645000,145,NA,NA,NA,NA,NA,NA,NA,NA,NA,NA,NA,NA
1369,James Washington,47792,WR,2018,Steelers,818426,1833704,123,2018,1,49.2,1,16,55,1833704,123,69.3,3,44,202,684607,188,NA,NA,NA,NA,NA,NA,NA,NA,NA,NA,NA,NA,NA,NA,NA,NA,NA,NA
1313,Josh Reynolds,11872,WR,2017,Rams,627006,1113024,119,2017,1,58.4,1,11,34,1113024,119,68.9,5,29,132,555000,262,65.9,1,21,143,645000,189,NA,NA,NA,NA,NA,NA,NA,NA,NA,NA,NA,NA
702,Jonathan Baldwin,6178,WR,2011,Chiefs,1373018,4367072,113,2011,1,58.9,1,21,42,4367072,113,61.2,1,20,112,718255,229,54.7,0,3,7,1061510,36,NA,NA,NA,NA,NA,NA,NA,NA,NA,NA,NA,NA
1401,KeeSean Johnson,39587,WR,2019,Cardinals,547328,704312,113,2019,1,53.5,1,21,49,704312,113,NA,NA,NA,NA,NA,NA,NA,NA,NA,NA,NA,NA,NA,NA,NA,NA,NA,NA,NA,NA,NA,NA,NA,NA
1323,Mack Hollins,11873,WR,2017,Eagles,623917,1100668,112,2017,1,63.1,1,16,51,1100668,112,NA,NA,NA,NA,NA,NA,49.5,0,10,37,151765,171,NA,NA,NA,NA,NA,NA,NA,NA,NA,NA,NA,NA
836,Keshawn Martin,7121,WR,2012,Texans,493140,802560,93,2012,1,51.5,1,10,40,802560,93,56.3,2,22,96,480000,77,56.1,0,6,57,570000,124,58.4,2,24,74,618750,165,NA,NA,NA,NA,NA,NA
1375,Keke Coutee,47698,WR,2018,Texans,662257,1209028,87,2018,1,64.7,1,28,211,1209028,87,53.1,0,22,138,570000,93,NA,NA,NA,NA,NA,NA,NA,NA,NA,NA,NA,NA,NA,NA,NA,NA,NA,NA
739,Randall Cobb,6216,WR,2011,Packers,583531,1209124,84,2011,1,65.1,1,25,193,1209124,84,82.9,8,80,476,520883,171,78.2,4,31,182,666766,109,82.7,12,91,607,812648,300,67.5,6,79,452,15100000,319
1311,Josh Malone,11883,WR,2017,Bengals,613382,1058528,84,2017,1,50.7,1,6,13,1058528,84,51,0,1,-1,555000,22,NA,NA,NA,NA,NA,NA,NA,NA,NA,NA,NA,NA,NA,NA,NA,NA,NA,NA
1127,Devin Smith,9470,WR,2015,Jets,1067713,2965852,72,2015,1,52.3,1,9,24,2965852,72,46.2,0,1,6,701928,12,NA,NA,NA,NA,NA,NA,NA,NA,NA,NA,NA,NA,63.7,1,5,34,645000,61
1408,Parris Campbell,47940,WR,2019,Colts,868352,1988408,68,2019,1,54.7,1,18,109,1988408,68,NA,NA,NA,NA,NA,NA,NA,NA,NA,NA,NA,NA,NA,NA,NA,NA,NA,NA,NA,NA,NA,NA,NA,NA
267,Eric Decker,5611,WR,2010,Broncos,503037,1052150,65,2010,1,62.2,1,6,29,1052150,65,64,8,44,190,450000,466,75.4,13,85,289,490000,420,79.5,11,87,396,1323000,375,78.3,5,74,328,10000000,336
550,Riley Cooper,5682,WR,2010,Eagles,362869,491478,63,2010,1,55.7,1,7,18,491478,63,59,1,16,54,450000,104,60.6,3,23,84,540000,152,71.3,8,47,242,630000,419,59.1,3,55,159,5000000,368
693,Jeremy Kerley,6305,WR,2011,Jets,421062,559248,63,2011,1,69.9,1,29,109,559248,63,67.5,2,56,305,465000,190,73.4,3,43,185,555000,228,61.6,1,38,153,4431000,287,63.4,2,16,100,2000000,48
1164,Phillip Dorsett,9462,WR,2015,Colts,1479166,4611664,56,2015,1,60.5,1,18,61,4611664,56,56.5,2,33,151,804791,227,56.3,0,12,69,1174582,158,67,3,32,102,1394373,158,66.9,5,29,81,2600000,167
1336,Taywan Taylor,11827,WR,2017,Titans,694003,1381012,55,2017,1,58.3,1,16,57,1381012,55,70,1,37,175,630000,177,52.5,0,0,0,773500,6,NA,NA,NA,NA,NA,NA,NA,NA,NA,NA,NA,NA
656,Cecil Shorts,6266,WR,2011,Jaguars,485845,818380,54,2011,1,46.6,1,2,4,818380,54,75.3,7,55,377,496461,198,71.8,3,66,286,617922,262,62.4,1,53,273,1431000,238,62.8,2,42,223,2921875,174
1240,Leonte Carroo,10720,WR,2016,Dolphins,625097,1150388,52,2016,1,54.2,1,3,14,1150388,52,54.9,0,7,12,560000,43,76.1,1,2,40,370588,15,NA,NA,NA,NA,NA,NA,NA,NA,NA,NA,NA,NA
1389,Andy Isabella,47448,WR,2019,Cardinals,841794,1882176,50,2019,1,64.2,1,9,140,1882176,50,NA,NA,NA,NA,NA,NA,NA,NA,NA,NA,NA,NA,NA,NA,NA,NA,NA,NA,NA,NA,NA,NA,NA,NA
824,Juron Criner,7160,WR,2012,Raiders,426140,534560,37,2012,1,72.4,1,16,84,534560,37,61.9,0,3,11,480000,15,NA,NA,NA,NA,NA,NA,NA,NA,NA,NA,NA,NA,NA,NA,NA,NA,NA,NA
838,LaVon Brazill,7191,WR,2012,Colts,409670,468680,32,2012,1,56.9,1,11,74,468680,32,61.7,2,12,54,367059,47,NA,NA,NA,NA,NA,NA,NA,NA,NA,NA,NA,NA,NA,NA,NA,NA,NA,NA
1386,Trey Quinn,38276,WR,2018,Redskins,400915,452719,30,2018,1,57.3,1,9,20,452719,30,54.1,1,26,63,570000,113,NA,NA,NA,NA,NA,NA,NA,NA,NA,NA,NA,NA,NA,NA,NA,NA,NA,NA
1268,Trevor Davis,10797,WR,2016,Packers,506794,677176,28,2016,1,55.5,1,3,9,677176,28,59,0,5,34,540000,25,NA,NA,NA,NA,NA,NA,49.3,0,8,69,169412,85,NA,NA,NA,NA,NA,NA
1081,Michael Campanaro,8852,WR,2014,Ravens,436875,487500,23,2014,1,81.8,1,7,35,487500,23,69.6,0,5,27,374647,17,60.6,0,0,0,105882,5,60.7,1,19,82,1200000,72,NA,NA,NA,NA,NA,NA
221,Dezmon Briscoe,5714,WR,2010,Redskins,320000,320000,17,2010,1,76.4,1,6,40,320000,17,61.3,6,35,102,450000,80,62.5,0,2,13,540000,22,NA,NA,NA,NA,NA,NA,NA,NA,NA,NA,NA,NA
1097,Robert Herron,8820,WR,2014,Buccaneers,448000,532000,16,2014,1,46.7,1,6,26,532000,16,NA,NA,NA,NA,NA,NA,NA,NA,NA,NA,NA,NA,NA,NA,NA,NA,NA,NA,NA,NA,NA,NA,NA,NA
1186,Tre McBride,9678,WR,2015,Titans,179118,179118,14,2015,1,52,1,2,1,179118,14,NA,NA,NA,NA,NA,NA,63.9,0,8,50,44400,104,NA,NA,NA,NA,NA,NA,NA,NA,NA,NA,NA,NA
388,Kyle Williams,5729,WR,2010,49ers,339837,399350,NA,2010,1,55.6,0,1,3,399350,NA,75.2,3,20,102,450000,113,60.3,1,14,76,540000,88,52.9,0,12,57,259412,119,NA,NA,NA,NA,NA,NA
393,Kyle Williams,5729,WR,2010,49ers,339837,399350,NA,2010,1,55.6,0,1,3,399350,NA,75.2,3,20,102,450000,113,60.3,1,14,76,540000,88,52.9,0,12,57,259412,119,NA,NA,NA,NA,NA,NA
1199,Vince Mayle,9556,WR,2015,Cowboys,25588,25588,NA,2015,1,53.8,0,0,0,25588,NA,NA,NA,NA,NA,NA,NA,55.3,0,0,0,NA,14,NA,NA,NA,NA,NA,NA,NA,NA,NA,NA,NA,NA
1402,Kelvin Harmon,47931,WR,2019,Redskins,526960,622840,172,2019,1,63.9,0,30,98,622840,172,NA,NA,NA,NA,NA,NA,NA,NA,NA,NA,NA,NA,NA,NA,NA,NA,NA,NA,NA,NA,NA,NA,NA,NA
1291,Corey Davis,11760,WR,2017,Titans,4617227,17073908,166,2017,1,60.1,0,34,117,17073908,166,76.4,4,65,274,1619307,350,69.9,2,43,215,2773614,277,NA,NA,NA,NA,NA,NA,NA,NA,NA,NA,NA,NA
1218,Cody Core,10833,WR,2016,Bengals,481983,577932,123,2016,1,60.7,0,17,118,577932,123,49,0,0,0,540000,21,53.9,1,13,32,630000,100,57.2,0,3,2,720000,23,NA,NA,NA,NA,NA,NA
1280,ArDarius Stewart,11834,WR,2017,Jets,676581,1311324,113,2017,1,57,0,6,18,1311324,113,NA,NA,NA,NA,NA,NA,NA,NA,NA,NA,NA,NA,NA,NA,NA,NA,NA,NA,NA,NA,NA,NA,NA,NA
1326,Noah Brown,11993,WR,2017,Cowboys,482988,536952,113,2017,1,69.9,0,4,22,536952,113,74,0,5,21,461294,77,NA,NA,NA,NA,NA,NA,NA,NA,NA,NA,NA,NA,NA,NA,NA,NA,NA,NA
1150,Justin Hardy,9540,WR,2015,Falcons,570205,975820,99,2015,1,63.5,0,21,65,975820,99,75.5,4,21,51,525000,96,61.8,3,20,77,615000,171,60.5,2,14,74,705000,100,67.3,0,19,81,895000,80
652,Austin Pettis,6230,WR,2011,Rams,519569,953276,98,2011,1,60.3,0,27,96,953276,98,69.1,4,30,88,490000,91,66.7,4,38,118,580000,184,63.1,1,12,52,NA,22,NA,NA,NA,NA,NA,NA
1281,Chad Hansen,11896,WR,2017,Jets,569912,884648,98,2017,1,53.7,0,9,17,884648,98,NA,NA,NA,NA,NA,NA,NA,NA,NA,NA,NA,NA,NA,NA,NA,NA,NA,NA,NA,NA,NA,NA,NA,NA
1259,Ricardo Louis,10748,WR,2016,Browns,591960,1017848,95,2016,1,57.9,0,18,93,1017848,95,53.1,0,27,83,540000,168,NA,NA,NA,NA,NA,NA,NA,NA,NA,NA,NA,NA,NA,NA,NA,NA,NA,NA
1063,Josh Huff,8721,WR,2014,Eagles,558986,975944,94,2014,1,58.3,0,8,80,975944,94,64.2,3,27,186,525000,197,63.6,1,16,123,144706,75,NA,NA,NA,NA,NA,NA,NA,NA,NA,NA,NA,NA
1279,Amara Darboh,11861,WR,2017,Seahawks,641572,1171288,93,2017,1,56.5,0,8,15,1171288,93,NA,NA,NA,NA,NA,NA,NA,NA,NA,NA,NA,NA,NA,NA,NA,NA,NA,NA,NA,NA,NA,NA,NA,NA
1364,Equanimeous St. Brown,47967,WR,2018,Packers,509602,598408,92,2018,1,64.3,0,21,116,598408,92,NA,NA,NA,NA,NA,NA,NA,NA,NA,NA,NA,NA,NA,NA,NA,NA,NA,NA,NA,NA,NA,NA,NA,NA
1070,Kevin Norwood,8758,WR,2014,Seahawks,525027,840108,90,2014,1,67.3,0,9,42,840108,90,59.6,0,0,0,510000,5,NA,NA,NA,NA,NA,NA,NA,NA,NA,NA,NA,NA,NA,NA,NA,NA,NA,NA
495,Mike Williams,11762,WR,2017,Chargers,3590919,12968676,89,2017,1,52.6,0,11,15,12968676,89,81.8,10,43,117,1362730,207,74.1,2,49,200,2260460,273,NA,NA,NA,NA,NA,NA,NA,NA,NA,NA,NA,NA
1152,Keith Mumphery,9608,WR,2015,Texans,476563,601252,89,2015,1,48.5,0,14,15,601252,89,51,0,10,25,525000,75,NA,NA,NA,NA,NA,NA,NA,NA,NA,NA,NA,NA,NA,NA,NA,NA,NA,NA
661,Clyde Gates,6263,WR,2011,Dolphins,488288,828152,86,2011,1,56.3,0,2,0,828152,86,71.2,0,16,18,NA,76,60.1,0,12,30,NA,44,NA,NA,NA,NA,NA,NA,NA,NA,NA,NA,NA,NA
1208,Charone Peake,10875,WR,2016,Jets,467095,518380,84,2016,1,59,0,19,73,518380,84,57.8,0,1,1,394235,16,50.6,0,2,3,630000,36,NA,NA,NA,NA,NA,NA,NA,NA,NA,NA,NA,NA
727,Niles Paul,6307,WR,NA,NA,NA,NA,83,2011,1,58.9,0,2,2,NA,83,61.1,1,8,67,NA,137,59.9,0,4,23,NA,105,64.8,1,39,267,NA,270,NA,NA,NA,NA,NA,NA
273,Golden Tate,5585,WR,2010,Seahawks,570000,1320000,80,2010,1,66,0,21,112,1320000,80,74.6,3,35,153,450000,219,81.2,7,45,276,1011500,312,81.9,5,64,506,630000,285,79.3,4,99,709,9500000,255
1296,Curtis Samuel,11795,WR,2017,Panthers,1173393,3298572,79,2017,1,56.9,0,15,54,3298572,79,71.5,5,39,116,758348,141,62.7,6,54,159,1051696,265,NA,NA,NA,NA,NA,NA,NA,NA,NA,NA,NA,NA
1200,Aaron Burbridge,10847,WR,2016,49ers,475089,550356,78,2016,1,55.5,0,7,42,550356,78,NA,NA,NA,NA,NA,NA,NA,NA,NA,NA,NA,NA,NA,NA,NA,NA,NA,NA,NA,NA,NA,NA,NA,NA
859,Rishard Matthews,7211,WR,2012,Dolphins,403403,443612,73,2012,1,60.1,0,11,31,443612,73,68.4,2,41,174,480000,144,64.9,2,12,47,570000,99,73.9,4,43,245,660000,180,81.4,9,65,218,5000000,308
803,DeVier Posey,7070,WR,2012,Texans,561023,1074092,68,2012,1,57.1,0,6,33,1074092,68,59.2,0,15,80,510000,71,58.8,0,1,3,630000,33,NA,NA,NA,NA,NA,NA,NA,NA,NA,NA,NA,NA
1255,Rashard Higgins,10806,WR,2016,Browns,496096,634384,68,2016,1,61.5,0,6,32,634384,68,50.4,2,27,150,508235,161,68.1,4,39,152,630000,139,53.6,1,4,10,2025000,59,NA,NA,NA,NA,NA,NA
136,Damian Williams,5601,WR,2010,Titans,525812,1143250,66,2010,1,69.7,0,16,45,1143250,66,65.3,5,45,222,450000,232,63.7,0,30,83,540000,119,70,0,15,48,1323000,96,88.1,0,1,2,NA,NA
420,Mardy Gilyard,5623,WR,NA,NA,NA,NA,65,2010,1,59.5,0,6,14,NA,65,NA,NA,NA,NA,NA,NA,55.9,0,2,11,NA,15,NA,NA,NA,NA,NA,NA,NA,NA,NA,NA,NA,NA
901,Brice Butler,7991,WR,2013,Raiders,421875,472500,65,2013,1,56.7,0,9,26,472500,65,70.1,2,21,83,495000,75,68,0,12,97,550588,85,61.1,3,16,19,675000,194,65.9,3,15,32,1100000,102
1251,Pharoh Cooper,10751,WR,2016,Rams,588667,1004668,65,2016,1,52.8,0,14,72,1004668,65,63,0,11,54,540000,118,57.1,0,0,0,74118,3,70.3,1,25,79,550588,67,NA,NA,NA,NA,NA,NA
742,Ryan Grant,8777,WR,2014,Redskins,473403,633612,64,2014,1,54.5,0,7,21,633612,64,62.7,2,23,94,510000,194,54.3,0,9,26,600000,136,69.1,4,45,240,690000,209,59.1,1,35,89,5000000,139
1026,Devin Street,8781,WR,2014,Cowboys,470493,621972,64,2014,1,52.3,0,2,5,621972,64,57.8,1,7,14,510000,133,46.7,0,1,2,105882,18,NA,NA,NA,NA,NA,NA,NA,NA,NA,NA,NA,NA
979,Stedman Bailey,7873,WR,2013,Rams,536850,932400,62,2013,1,70.9,0,17,45,932400,62,74,1,29,170,452069,111,58.8,1,12,71,428743,94,NA,NA,NA,NA,NA,NA,NA,NA,NA,NA,NA,NA
1036,James Wright,8873,WR,2014,Bengals,432456,469824,62,2014,1,60.8,0,5,35,469824,62,NA,NA,NA,NA,NA,NA,65.2,0,13,38,600000,64,NA,NA,NA,NA,NA,NA,NA,NA,NA,NA,NA,NA
1212,Chris Moore,10741,WR,2016,Ravens,599090,1046360,57,2016,1,50.3,0,7,17,1046360,57,59,3,18,38,540000,128,60,1,19,71,630000,246,53.4,0,3,11,720000,84,NA,NA,NA,NA,NA,NA
925,Josh Boyce,7884,WR,2013,Patriots,524250,882000,51,2013,1,60.8,0,9,78,882000,51,NA,NA,NA,NA,NA,NA,NA,NA,NA,NA,NA,NA,NA,NA,NA,NA,NA,NA,NA,NA,NA,NA,NA,NA
952,Markus Wheaton,7860,WR,2013,Steelers,552844,996376,48,2013,1,55.1,0,6,38,996376,48,68.9,2,53,154,515000,235,69.9,5,44,168,605000,195,54.1,1,4,8,1671000,20,49.9,0,3,3,6000000,62
1358,Damion Ratley,48182,WR,2018,Browns,528467,673868,48,2018,1,55.9,0,13,52,673868,48,62.9,1,12,50,570000,83,NA,NA,NA,NA,NA,NA,NA,NA,NA,NA,NA,NA,NA,NA,NA,NA,NA,NA
464,Mike Thomas,10840,WR,2016,Rams,479017,566068,44,2016,1,51.6,0,3,13,566068,44,59.9,0,5,22,412941,39,NA,NA,NA,NA,NA,NA,58.4,0,2,9,720000,19,NA,NA,NA,NA,NA,NA
686,Greg Salas,6264,WR,2011,Rams,487725,825900,42,2011,1,63.1,0,27,230,825900,42,NA,NA,NA,NA,NA,NA,64.6,0,8,80,359118,68,62.7,0,8,117,645000,81,65.7,0,3,13,87647,23
1305,Isaiah McKenzie,11927,WR,2017,Broncos,523964,700856,40,2017,1,46.2,0,4,12,700856,40,67,0,18,73,261176,56,68.8,1,27,211,645000,194,NA,NA,NA,NA,NA,NA,NA,NA,NA,NA,NA,NA
1372,Justin Watson,66915,WR,2018,Buccaneers,555434,781736,40,2018,1,54.4,0,1,0,781736,40,63.9,2,15,15,570000,78,NA,NA,NA,NA,NA,NA,NA,NA,NA,NA,NA,NA,NA,NA,NA,NA,NA,NA
748,Ryan Whalen,6319,WR,2011,Bengals,406278,500114,36,2011,1,64.1,0,4,8,500114,36,72.7,0,7,13,465000,41,NA,NA,NA,NA,NA,NA,NA,NA,NA,NA,NA,NA,NA,NA,NA,NA,NA,NA
1306,Jehu Chesson,11894,WR,2017,Chiefs,569912,884648,36,2017,1,59.3,0,2,15,884648,36,58,0,1,1,359118,4,NA,NA,NA,NA,NA,NA,NA,NA,NA,NA,NA,NA,NA,NA,NA,NA,NA,NA
805,Devon Wylie,7107,WR,2012,Chiefs,503850,845400,35,2012,1,58.7,0,6,13,845400,35,NA,NA,NA,NA,NA,NA,NA,NA,NA,NA,NA,NA,NA,NA,NA,NA,NA,NA,NA,NA,NA,NA,NA,NA
955,Marquess Wilson,8019,WR,2013,Bears,416787,452148,35,2013,1,54.8,0,2,10,452148,35,53.4,1,17,51,390882,105,63.5,1,28,191,585000,240,74.6,1,9,45,1671000,12,NA,NA,NA,NA,NA,NA
1409,Riley Ridley,47933,WR,2019,Bears,665649,1177596,34,2019,1,63.8,0,6,16,1177596,34,NA,NA,NA,NA,NA,NA,NA,NA,NA,NA,NA,NA,NA,NA,NA,NA,NA,NA,NA,NA,NA,NA,NA,NA
1328,Ryan Switzer,11888,WR,2017,Cowboys,607246,1033984,32,2017,1,61.5,0,6,21,1033984,32,63,1,36,136,555000,35,51.8,0,8,16,645000,11,NA,NA,NA,NA,NA,NA,NA,NA,NA,NA,NA,NA
1238,Laquon Treadwell,10657,WR,2016,Vikings,1806360,5875440,30,2016,1,56.4,0,1,0,5875440,30,53.9,0,20,59,901590,176,51.3,1,35,118,1353180,157,71.3,1,9,58,592941,86,NA,NA,NA,NA,NA,NA
722,Leonard Hankerson,6231,WR,2011,Redskins,526594,981376,28,2011,1,74.4,0,13,40,981376,28,74.7,3,38,158,490000,261,68.2,3,30,133,580000,112,NA,NA,NA,NA,NA,NA,57.5,3,26,117,43824,109
1382,Russell Gage,44771,WR,2018,Falcons,519048,636192,28,2018,1,58.3,0,6,21,636192,28,66.3,1,49,161,570000,109,NA,NA,NA,NA,NA,NA,NA,NA,NA,NA,NA,NA,NA,NA,NA,NA,NA,NA
1412,Travis Fulgham,48023,WR,2019,Lions,87353,87353,26,2019,1,49,0,0,0,87353,26,NA,NA,NA,NA,NA,NA,NA,NA,NA,NA,NA,NA,NA,NA,NA,NA,NA,NA,NA,NA,NA,NA,NA,NA
1284,Chad Williams,11853,WR,2017,Cardinals,641572,1171288,24,2017,1,60.9,0,3,5,1171288,24,53.7,1,17,18,581500,131,54.4,0,0,0,151765,1,NA,NA,NA,NA,NA,NA,NA,NA,NA,NA,NA,NA
1013,Cody Latimer,8691,WR,2014,Broncos,674300,1437200,20,2014,1,63,0,2,14,1437200,20,56.3,1,6,32,588575,85,60.5,0,8,23,757150,87,70,2,19,59,925725,135,70.2,1,11,26,2500000,60
885,Toney Clemons,7215,WR,2012,Jaguars,114706,114706,19,2012,1,53,0,3,14,114706,19,NA,NA,NA,NA,NA,NA,NA,NA,NA,NA,NA,NA,NA,NA,NA,NA,NA,NA,NA,NA,NA,NA,NA,NA
1346,Auden Tate,48192,WR,2018,Bengals,225882,225882,19,2018,1,53.5,0,4,3,225882,19,70.5,1,40,137,538765,217,NA,NA,NA,NA,NA,NA,NA,NA,NA,NA,NA,NA,NA,NA,NA,NA,NA,NA
1367,J'Mon Moore,48316,WR,2018,Packers,593089,932356,19,2018,1,53.5,0,2,7,932356,19,NA,NA,NA,NA,NA,NA,NA,NA,NA,NA,NA,NA,NA,NA,NA,NA,NA,NA,NA,NA,NA,NA,NA,NA
1371,Javon Wims,41406,WR,2018,Bears,503978,575912,18,2018,1,74.2,0,4,2,575912,18,52,1,18,47,570000,184,NA,NA,NA,NA,NA,NA,NA,NA,NA,NA,NA,NA,NA,NA,NA,NA,NA,NA
1119,Darren Waller,9637,WR,2015,Ravens,393950,477272,17,2015,1,52.9,0,2,14,477272,17,52.8,2,10,42,NA,123,NA,NA,NA,NA,NA,NA,70.4,0,6,59,NA,11,83.2,3,90,594,NA,429
229,Dorin Dickerson,5750,WR,NA,NA,NA,NA,15,2010,1,55.4,0,0,0,NA,15,NA,NA,NA,NA,NA,NA,54.6,0,9,68,NA,34,62.6,0,2,25,195882,32,NA,NA,NA,NA,NA,NA
750,Stephen Burton,6388,WR,2011,Vikings,100235,100235,15,2011,1,60.5,0,2,6,100235,15,52.7,1,5,16,555000,100,56.9,0,8,37,555000,42,NA,NA,NA,NA,NA,NA,NA,NA,NA,NA,NA,NA
1227,Jakeem Grant,10820,WR,2016,Dolphins,485095,590380,15,2016,1,40.2,0,0,0,590380,15,70.7,2,13,150,540000,37,70.5,2,21,142,630000,106,62.1,0,19,93,3720000,54,NA,NA,NA,NA,NA,NA
752,Tandon Doss,6275,WR,2011,Ravens,478140,787561,14,2011,1,52.8,0,0,0,787561,14,57.8,1,7,58,464999,42,62.8,0,19,93,522353,76,NA,NA,NA,NA,NA,NA,NA,NA,NA,NA,NA,NA
618,Taylor Price,5614,WR,2010,Jaguars,320000,320000,13,2010,1,71.7,0,3,21,320000,13,60.8,0,2,8,450000,14,NA,NA,NA,NA,NA,NA,NA,NA,NA,NA,NA,NA,NA,NA,NA,NA,NA,NA
770,A.J. Jenkins,7034,WR,2012,49ers,1263187,3882748,13,2012,1,47.5,0,0,0,3882748,13,58.2,0,8,41,705797,72,53.5,0,9,49,1021594,84,NA,NA,NA,NA,NA,NA,NA,NA,NA,NA,NA,NA
821,Joe Adams,7104,WR,2012,Panthers,506888,857552,12,2012,1,54.3,0,1,9,857552,12,NA,NA,NA,NA,NA,NA,NA,NA,NA,NA,NA,NA,NA,NA,NA,NA,NA,NA,NA,NA,NA,NA,NA,NA
970,Quinton Patton,7910,WR,2013,49ers,502875,796500,12,2013,1,58.1,0,3,6,796500,12,51.8,0,3,0,495000,39,65.7,1,30,214,585000,102,62.1,0,37,199,675000,289,NA,NA,NA,NA,NA,NA
629,Terrence Austin,5742,WR,NA,NA,NA,NA,11,2010,1,73.2,0,3,13,NA,11,54.9,0,12,27,NA,44,NA,NA,NA,NA,NA,NA,NA,NA,NA,NA,NA,NA,NA,NA,NA,NA,NA,NA
822,Jordan White,7226,WR,2012,Jets,137647,137647,10,2012,1,60.4,0,1,3,137647,10,NA,NA,NA,NA,NA,NA,NA,NA,NA,NA,NA,NA,NA,NA,NA,NA,NA,NA,NA,NA,NA,NA,NA,NA
36,Antonio Brown,5718,WR,2010,Steelers,344358,393075,9,2010,1,85.8,0,16,108,393075,9,88.7,2,69,350,450000,148,79.6,5,66,353,9040000,193,89.1,8,110,658,4500000,318,91.2,13,129,615,6000000,386
715,Kris Durham,6259,WR,2011,Seahawks,436006,784201,9,2011,1,64.3,0,3,3,784201,9,61.4,1,8,22,109412,65,55.4,2,38,130,555000,366,56,0,6,15,645000,23,NA,NA,NA,NA,NA,NA
922,Denard Robinson,7917,HB,2013,Jaguars,458403,618612,9,2013,1,29.5,0,0,0,618612,9,55.9,0,23,202,474176,111,57.9,0,21,155,585000,46,56.2,0,3,31,675000,20,NA,NA,NA,NA,NA,NA
1133,Geremy Davis,9619,WR,2015,Giants,466771,562084,9,2015,1,57.5,0,2,7,562084,9,55.5,0,0,0,247059,15,NA,NA,NA,NA,NA,NA,NA,NA,NA,NA,NA,NA,58.2,0,3,2,895000,28
1229,Jordan Payton,10788,WR,2016,Browns,405118,588118,9,2016,1,53.4,0,1,0,588118,9,NA,NA,NA,NA,NA,NA,NA,NA,NA,NA,NA,NA,NA,NA,NA,NA,NA,NA,NA,NA,NA,NA,NA,NA
124,Carlton Mitchell,5700,WR,NA,NA,NA,NA,8,2010,1,64.6,0,0,0,NA,8,59,0,3,3,NA,14,NA,NA,NA,NA,NA,NA,NA,NA,NA,NA,NA,NA,NA,NA,NA,NA,NA,NA
667,DeMarco Sampson,6401,WR,2011,Cardinals,386475,420900,8,2011,1,54.1,0,3,8,420900,8,NA,NA,NA,NA,NA,NA,NA,NA,NA,NA,NA,NA,NA,NA,NA,NA,NA,NA,NA,NA,NA,NA,NA,NA
1174,Sammie Coates,9520,WR,2015,Steelers,592879,1066516,8,2015,1,56.6,0,1,4,1066516,8,60.4,2,21,115,549000,87,61.5,0,6,17,615000,29,53.4,0,1,5,NA,15,NA,NA,NA,NA,NA,NA
1333,Stacy Coley,11974,WR,2017,Vikings,489173,561692,8,2017,1,53.1,0,0,0,561692,8,41.9,0,0,0,NA,7,NA,NA,NA,NA,NA,NA,NA,NA,NA,NA,NA,NA,NA,NA,NA,NA,NA,NA
1330,Shelton Gibson,11921,WR,2017,Eagles,529312,722248,7,2017,1,56.2,0,2,0,722248,7,58.4,0,1,2,555000,20,NA,NA,NA,NA,NA,NA,NA,NA,NA,NA,NA,NA,NA,NA,NA,NA,NA,NA
156,David Reed,5679,WR,NA,NA,NA,NA,6,2010,1,61.4,0,0,0,NA,6,56.3,0,0,0,NA,4,63.5,0,5,23,NA,38,49.9,0,1,2,NA,8,NA,NA,NA,NA,NA,NA
698,Jerrel Jernigan,6235,WR,2011,Giants,518813,950252,6,2011,1,53.2,0,0,0,950252,6,64.1,0,3,9,490000,10,86.5,2,29,137,580000,62,55.4,0,6,9,670000,32,NA,NA,NA,NA,NA,NA
1046,Jeff Janis,8870,WR,2014,Packers,432848,471392,6,2014,1,68,0,2,2,471392,6,56,0,2,28,510000,55,53.1,1,11,34,600000,72,61.7,0,2,0,690000,21,NA,NA,NA,NA,NA,NA
1223,Daniel Braverman,10864,WR,2016,Bears,132353,132353,6,2016,1,74.5,0,0,0,132353,6,NA,NA,NA,NA,NA,NA,NA,NA,NA,NA,NA,NA,NA,NA,NA,NA,NA,NA,NA,NA,NA,NA,NA,NA
1232,Josh Doctson,10656,WR,2016,Redskins,1827208,5958832,6,2016,1,57.7,0,2,14,5958832,6,62.5,6,35,131,906802,282,63.3,2,44,127,1363604,298,NA,NA,NA,NA,NA,NA,NA,NA,NA,NA,NA,NA
1308,John Ross,11764,WR,2017,Bengals,3111975,11052900,6,2017,1,38.1,0,0,0,11052900,6,49.4,7,21,59,1242994,198,63.1,3,28,202,2020988,126,NA,NA,NA,NA,NA,NA,NA,NA,NA,NA,NA,NA
417,Marc Mariani,5745,WR,2010,Titans,334850,379400,5,2010,1,45,0,0,0,379400,5,50.3,0,5,20,450000,84,NA,NA,NA,NA,NA,NA,NA,NA,NA,NA,NA,NA,NA,NA,NA,NA,NA,NA
1035,Jalen Saunders,8739,WR,2014,Saints,148235,148235,5,2014,1,60.1,0,1,2,148235,5,NA,NA,NA,NA,NA,NA,NA,NA,NA,NA,NA,NA,NA,NA,NA,NA,NA,NA,NA,NA,NA,NA,NA,NA
1400,John Ursua,26586,WR,2019,Seahawks,515668,577672,5,2019,1,71.5,0,1,0,577672,5,NA,NA,NA,NA,NA,NA,NA,NA,NA,NA,NA,NA,NA,NA,NA,NA,NA,NA,NA,NA,NA,NA,NA,NA
1034,Dri Archer,8732,HB,NA,NA,NA,NA,4,2014,1,55,0,7,28,NA,4,NA,NA,NA,NA,NA,NA,NA,NA,NA,NA,NA,NA,NA,NA,NA,NA,NA,NA,NA,NA,NA,NA,NA,NA
47,Armanti Edwards,5613,WR,NA,NA,NA,NA,3,2010,1,52.3,0,0,0,NA,3,NA,NA,NA,NA,NA,NA,55.3,0,5,71,NA,44,57,0,1,7,NA,22,NA,NA,NA,NA,NA,NA
1153,Mario Alford,9671,WR,2015,Bengals,449776,494104,3,2015,1,79.1,0,1,4,494104,3,NA,NA,NA,NA,NA,NA,NA,NA,NA,NA,NA,NA,NA,NA,NA,NA,NA,NA,NA,NA,NA,NA,NA,NA
666,David Ausberry,6393,TE,2011,Raiders,386475,420900,2,2011,1,54.4,0,2,1,420900,2,73.8,0,7,54,465000,44,NA,NA,NA,NA,NA,NA,53.7,0,2,1,645000,9,NA,NA,NA,NA,NA,NA
840,Marvin McNutt,7182,WR,2012,Eagles,114706,114706,2,2012,1,53.1,0,0,0,114706,2,56,0,0,0,338823,1,NA,NA,NA,NA,NA,NA,NA,NA,NA,NA,NA,NA,NA,NA,NA,NA,NA,NA
